<?xml version="1.0" encoding="UTF-8" standalone="yes"?>
<manifest>
  <control namespace="StarRatingNamespace" constructor="StarRating" version="0.0.1" display-name-key="StarRating" description-key="StarRating description" control-type="virtual" api-version="1.3.16">
    <external-service-usage enabled="false"/>
    <property name="optionsetfield" display-name-key="Optionset Field" description-key="Optionset Field" of-type="OptionSet" usage="bound" required="true"/>
    <resources>
      <code path="bundle.js" order="1"/>
      <platform-library name="React" version="16.14.0"/>
      <platform-library name="Fluent" version="9.46.2"/>
    </resources>
    <feature-usage/>
    <built-by name="pac" version="1.43.6"/>
  </control>
</manifest>